{
	"info": {
		"_postman_id": "ba73c781-d46b-4c25-9d79-f6e0b36f0682",
		"name": "New Collection",
		"schema": "https://schema.getpostman.com/json/collection/v2.1.0/collection.json",
		"_exporter_id": "22091315"
	},
	"item": [
		{
			"name": "HMS",
			"item": [
				{
					"name": "employee",
					"item": [
						{
							"name": "AddEmployee",
							"request": {
								"method": "POST",
								"header": [],
								"body": {
									"mode": "raw",
									"raw": "{\"email\": \"abc11@gmail.com\",\r\n    \"firstName\": \"abc11\",\r\n    \"lastName\": \"xyz11\",\r\n    \r\n    \"password\" : 1234,\r\n    \"role\": \"receptionist\",\r\n    \"cellNo\": \"8452126321\",\r\n    \"securityQuestion\" : \"pet name\" ,\r\n    \"securityAnswer\" : \"scott\" ,\r\n    \"dob\" : \"1989-02-28\" ,\r\n    \"hireDate\" : \"2021-12-26\" ,\r\n    \"salary\" : 98000.0\r\n  \r\n}",
									"options": {
										"raw": {
											"language": "json"
										}
									}
								},
								"url": {
									"raw": "http://localhost:4000/api/employee/addEmployee",
									"protocol": "http",
									"host": [
										"localhost"
									],
									"port": "4000",
									"path": [
										"api",
										"employee",
										"addEmployee"
									]
								}
							},
							"response": []
						},
						{
							"name": "UpdateEmployee",
							"request": {
								"method": "POST",
								"header": [],
								"body": {
									"mode": "raw",
									"raw": "{\"empId\": 8,\r\n    \"firstName\": \"Jerry\",\r\n    \"lastName\": \"Marks\",\r\n    \"cellNo\": \"8452126324\",\r\n    \"dob\" : \"1989-12-28\" \r\n}",
									"options": {
										"raw": {
											"language": "json"
										}
									}
								},
								"url": {
									"raw": "http://localhost:4000/api/employee/updateEmployee",
									"protocol": "http",
									"host": [
										"localhost"
									],
									"port": "4000",
									"path": [
										"api",
										"employee",
										"updateEmployee"
									]
								}
							},
							"response": []
						},
						{
							"name": "DeleteEmployee",
							"request": {
								"method": "POST",
								"header": [],
								"body": {
									"mode": "raw",
									"raw": "{\r\n    \"empId\": 7\r\n}",
									"options": {
										"raw": {
											"language": "json"
										}
									}
								},
								"url": {
									"raw": "http://localhost:4000/api/employee/deleteEmployee",
									"protocol": "http",
									"host": [
										"localhost"
									],
									"port": "4000",
									"path": [
										"api",
										"employee",
										"deleteEmployee"
									]
								}
							},
							"response": []
						},
						{
							"name": "GetAllEmployee",
							"request": {
								"auth": {
									"type": "noauth"
								},
								"method": "GET",
								"header": [],
								"url": {
									"raw": "http://localhost:8086/api/employee/getAllEmployees",
									"protocol": "http",
									"host": [
										"localhost"
									],
									"port": "8086",
									"path": [
										"api",
										"employee",
										"getAllEmployees"
									]
								}
							},
							"response": []
						}
					]
				},
				{
					"name": "Doctor",
					"item": [
						{
							"name": "GetAllDoctor",
							"request": {
								"method": "GET",
								"header": []
							},
							"response": []
						},
						{
							"name": "GetPatientsOfDoctor",
							"request": {
								"method": "GET",
								"header": [],
								"url": {
									"raw": "http://localhost:4000/api/doctor/getPatients/2",
									"protocol": "http",
									"host": [
										"localhost"
									],
									"port": "4000",
									"path": [
										"api",
										"doctor",
										"getPatients",
										"2"
									]
								}
							},
							"response": []
						},
						{
							"name": "AddPrescription",
							"request": {
								"method": "POST",
								"header": [],
								"body": {
									"mode": "raw",
									"raw": "{  \r\n    \"patId\" : 6,\r\n    \"prescription\": \"not ok\" \r\n}",
									"options": {
										"raw": {
											"language": "json"
										}
									}
								},
								"url": {
									"raw": "http://localhost:4000/api/doctor/addPrescription",
									"protocol": "http",
									"host": [
										"localhost"
									],
									"port": "4000",
									"path": [
										"api",
										"doctor",
										"addPrescription"
									]
								}
							},
							"response": []
						},
						{
							"name": "Increase Visit",
							"request": {
								"method": "POST",
								"header": [],
								"body": {
									"mode": "raw",
									"raw": "{\r\n    \"doctorId\" : 2 ,\r\n    \"patientId\" : 6\r\n   \r\n}",
									"options": {
										"raw": {
											"language": "json"
										}
									}
								},
								"url": {
									"raw": "http://localhost:4000/api/doctor/increaseVisitCount",
									"protocol": "http",
									"host": [
										"localhost"
									],
									"port": "4000",
									"path": [
										"api",
										"doctor",
										"increaseVisitCount"
									]
								}
							},
							"response": []
						},
						{
							"name": "AddDoctor",
							"request": {
								"method": "POST",
								"header": [],
								"body": {
									"mode": "raw",
									"raw": "{\"email\": \"abc11@gmail.com\",\r\n    \"firstName\": \"abc11\",\r\n    \"lastName\": \"xyz11\",\r\n    \r\n    \"password\" : 1234,\r\n    \"role\": \"receptionist\",\r\n    \"cellNo\": \"8452126321\",\r\n    \"securityQuestion\" : \"pet name\" ,\r\n    \"securityAnswer\" : \"scott\" ,\r\n    \"dob\" : \"1989-02-28\" ,\r\n    \"hireDate\" : \"2021-12-26\" ,\r\n    \"salary\" : 98000.0,\r\n    \"doctorCharges\" : 1000\r\n}",
									"options": {
										"raw": {
											"language": "json"
										}
									}
								},
								"url": {
									"raw": "http://localhost:8066/api/employee/addEmployee",
									"protocol": "http",
									"host": [
										"localhost"
									],
									"port": "8066",
									"path": [
										"api",
										"employee",
										"addEmployee"
									]
								}
							},
							"response": []
						}
					]
				},
				{
					"name": "Patient",
					"item": [
						{
							"name": "AddPatient",
							"request": {
								"method": "POST",
								"header": [],
								"body": {
									"mode": "raw",
									"raw": "{\r\n \r\n            \"firstName\": \"hgsaj\",\r\n            \"lastName\": \"sajg\",\r\n            \"email\": \"af@gmail.com\",\r\n            \"role\": \"patient\",\r\n            \"cellNo\": \"121113334444\",\r\n           \r\n            \"dob\": \"2000-01-02\",\r\n            \"dateOfAdmission\": \"1999-09-01\",\r\n            \"wardId\": 10,\r\n            \"doctorId\": 1,\r\n            \"bloodGroup\": \"O+\",\r\n            \"prescription\": \"okok\",\r\n            \"bedAlloted\": 2,\r\n            \"paymentStatus\": \"pending\",\r\n            \"patientProblem\": \"headache\",\r\n            \"doctorFirstName\": \"john\",\r\n            \"doctorLastName\": \"smith\",\r\n        \r\n            \"doctorCellNo\": \"121113334444\"    \r\n}",
									"options": {
										"raw": {
											"language": "json"
										}
									}
								},
								"url": {
									"raw": "http://localhost:4000/api/patient/addPatient",
									"protocol": "http",
									"host": [
										"localhost"
									],
									"port": "4000",
									"path": [
										"api",
										"patient",
										"addPatient"
									]
								}
							},
							"response": []
						},
						{
							"name": "GetAllPatients",
							"request": {
								"method": "GET",
								"header": [],
								"url": {
									"raw": "http://localhost:4000/api/patient/getAllPatients",
									"protocol": "http",
									"host": [
										"localhost"
									],
									"port": "4000",
									"path": [
										"api",
										"patient",
										"getAllPatients"
									]
								}
							},
							"response": []
						},
						{
							"name": "GetPatientById",
							"protocolProfileBehavior": {
								"disableBodyPruning": true
							},
							"request": {
								"method": "GET",
								"header": [],
								"body": {
									"mode": "raw",
									"raw": ""
								},
								"url": {
									"raw": "http://localhost:4000/api/patient/getPatient/13",
									"protocol": "http",
									"host": [
										"localhost"
									],
									"port": "4000",
									"path": [
										"api",
										"patient",
										"getPatient",
										"13"
									]
								}
							},
							"response": []
						},
						{
							"name": "RemoveById",
							"protocolProfileBehavior": {
								"disableBodyPruning": true
							},
							"request": {
								"method": "GET",
								"header": [],
								"body": {
									"mode": "raw",
									"raw": ""
								},
								"url": {
									"raw": "http://localhost:4000/api/patient/removePatient/13",
									"protocol": "http",
									"host": [
										"localhost"
									],
									"port": "4000",
									"path": [
										"api",
										"patient",
										"removePatient",
										"13"
									]
								}
							},
							"response": []
						},
						{
							"name": "AddMedicineToPatient",
							"request": {
								"method": "POST",
								"header": [],
								"body": {
									"mode": "raw",
									"raw": "{   \"patId\": 15,\r\n            \"medicineId\": 6,\r\n            \"medicinePrescription\": \"ahg\",\r\n            \"medicineQty\": 1,\r\n            \"medicineName\": \"xyz\",\r\n            \"medicinePrice\": 10.0\r\n        \r\n}",
									"options": {
										"raw": {
											"language": "json"
										}
									}
								},
								"url": {
									"raw": "http://localhost:4000/api/medicinesAssigned/addMedicineToPatient",
									"protocol": "http",
									"host": [
										"localhost"
									],
									"port": "4000",
									"path": [
										"api",
										"medicinesAssigned",
										"addMedicineToPatient"
									]
								}
							},
							"response": []
						}
					]
				},
				{
					"name": "Ward",
					"item": [
						{
							"name": "AddWard",
							"request": {
								"method": "POST",
								"header": [],
								"body": {
									"mode": "raw",
									"raw": "{\r\n    \"type\" : \"A\" ,\r\n    \"charges\" : 1000.0,\r\n    \"availability\" : 45,\r\n    \"maxCapacity\" : 45\r\n}",
									"options": {
										"raw": {
											"language": "json"
										}
									}
								},
								"url": {
									"raw": "http://localhost:4000/api/ward/addWard",
									"protocol": "http",
									"host": [
										"localhost"
									],
									"port": "4000",
									"path": [
										"api",
										"ward",
										"addWard"
									]
								}
							},
							"response": []
						},
						{
							"name": "DecreaseBedCount",
							"request": {
								"method": "POST",
								"header": [],
								"body": {
									"mode": "raw",
									"raw": "{    \"wardId\":10,\r\n    \"type\":\"F\",\r\n    \"charges\":200,\r\n    \"maxCapacity\":10\r\n}",
									"options": {
										"raw": {
											"language": "json"
										}
									}
								},
								"url": {
									"raw": "http://localhost:4000/api/ward/decreaseBedCount",
									"protocol": "http",
									"host": [
										"localhost"
									],
									"port": "4000",
									"path": [
										"api",
										"ward",
										"decreaseBedCount"
									]
								}
							},
							"response": []
						}
					]
				},
				{
					"name": "User",
					"item": [
						{
							"name": "CheckByEmailExistOrNot",
							"request": {
								"method": "POST",
								"header": [],
								"body": {
									"mode": "raw",
									"raw": "{\r\n     \"userId\": 17,\r\n            \"firstName\": \"ranveer\",\r\n            \"lastName\": \"singh\",\r\n            \"email\": \"rs@gmail.com\",\r\n            \"role\": \"admin\",\r\n            \"cellNo\": \"881113334444\",\r\n            \"patId\": 12,\r\n            \"dob\": \"2000-01-02\",\r\n            \"dateOfAdmission\": \"1999-09-01\",\r\n            \"wardId\": 1,\r\n            \"doctorId\": 1,\r\n            \"bloodGroup\": \"O+\",\r\n            \"prescription\": \"okok\",\r\n            \"bedAlloted\": 11,\r\n            \"paymentStatus\": \"pending\",\r\n            \"patientProblem\": \"kindney stne\",\r\n            \"doctorFirstName\": \"john\",\r\n            \"doctorLastName\": \"smith\",\r\n            \"type\": \"A\",\r\n            \"doctorCellNo\": \"121113334444\"\r\n}",
									"options": {
										"raw": {
											"language": "json"
										}
									}
								},
								"url": {
									"raw": "http://localhost:4000/api/user/emailExists",
									"protocol": "http",
									"host": [
										"localhost"
									],
									"port": "4000",
									"path": [
										"api",
										"user",
										"emailExists"
									]
								}
							},
							"response": []
						},
						{
							"name": "UpdatePassword",
							"request": {
								"method": "POST",
								"header": [],
								"body": {
									"mode": "raw",
									"raw": "{\r\n    \"firstName\":\"Madhuri\",\r\n\t\"lastName\":\"Dixit\",\r\n\t\"email\":\"md@gmail.com\",\r\n\t \"password\":\"3489\",\r\n\t\"role\":\"patient\",\r\n\t\"cellNo\":\"121113334444\",\r\n\t \"securityQuestion\":\"ggdd\",\r\n\t\"securityAnswer\":\"gf\",\r\n\t\t\r\n\t\"doctorCharges\":3322,\r\n\t\"dob\":\"1998-08-06\",\r\n    \"hireDate\":\"1999-03-03\",\r\n    \"salary\":3455.6\r\n\r\n\r\n}",
									"options": {
										"raw": {
											"language": "json"
										}
									}
								},
								"url": {
									"raw": "http://localhost:4000/api/user/updatePassword",
									"protocol": "http",
									"host": [
										"localhost"
									],
									"port": "4000",
									"path": [
										"api",
										"user",
										"updatePassword"
									]
								}
							},
							"response": []
						}
					]
				},
				{
					"name": "Medicine",
					"item": [
						{
							"name": "addMedicine",
							"request": {
								"method": "POST",
								"header": [],
								"body": {
									"mode": "raw",
									"raw": "{\r\n    \r\n            \"medicineName\": \"crocin,pcm\",\r\n            \"medicinePrice\": 10.0\r\n}",
									"options": {
										"raw": {
											"language": "json"
										}
									}
								},
								"url": {
									"raw": "http://localhost:4000/api/medicine/addMedicine",
									"protocol": "http",
									"host": [
										"localhost"
									],
									"port": "4000",
									"path": [
										"api",
										"medicine",
										"addMedicine"
									]
								}
							},
							"response": []
						},
						{
							"name": "medicineAsssgined",
							"request": {
								"method": "POST",
								"header": [],
								"body": {
									"mode": "raw",
									"raw": "{\r\n    \"patId\": 19,\r\n            \"medicineId\": 6,\r\n            \"medicinePrescription\": \"ahg\",\r\n            \"medicineQty\": 1\r\n           \r\n}",
									"options": {
										"raw": {
											"language": "json"
										}
									}
								},
								"url": {
									"raw": "http://localhost:4000/api/medicinesAssigned/addMedicineToPatient",
									"protocol": "http",
									"host": [
										"localhost"
									],
									"port": "4000",
									"path": [
										"api",
										"medicinesAssigned",
										"addMedicineToPatient"
									]
								}
							},
							"response": []
						},
						{
							"name": "http://localhost:4000/api/medicinesAssigned/addMedicineToPatient",
							"request": {
								"method": "POST",
								"header": [],
								"body": {
									"mode": "raw",
									"raw": "{   \"patId\": 12,\r\n            \"medicineId\": 2,\r\n            \"medicinePrescription\": \"3 times\",\r\n            \"medicineQty\": 1,\r\n            \"medicineName\": \"dolo\",\r\n            \"medicinePrice\": 10.0\r\n        \r\n}",
									"options": {
										"raw": {
											"language": "json"
										}
									}
								},
								"url": {
									"raw": "http://localhost:4000/api/medicinesAssigned/addMedicineToPatient",
									"protocol": "http",
									"host": [
										"localhost"
									],
									"port": "4000",
									"path": [
										"api",
										"medicinesAssigned",
										"addMedicineToPatient"
									]
								}
							},
							"response": []
						},
						{
							"name": "http://localhost:4000/api/medicinesAssigned/addMedicineToPatient",
							"request": {
								"method": "POST",
								"header": [],
								"body": {
									"mode": "raw",
									"raw": "{   \"patId\": 15,\r\n            \"medicineId\": 6,\r\n            \"medicinePrescription\": \"ahg\",\r\n            \"medicineQty\": 1,\r\n            \"medicineName\": \"xyz\",\r\n            \"medicinePrice\": 10.0\r\n        \r\n}",
									"options": {
										"raw": {
											"language": "json"
										}
									}
								},
								"url": {
									"raw": "http://localhost:4000/api/medicinesAssigned/addMedicineToPatient",
									"protocol": "http",
									"host": [
										"localhost"
									],
									"port": "4000",
									"path": [
										"api",
										"medicinesAssigned",
										"addMedicineToPatient"
									]
								}
							},
							"response": []
						}
					]
				}
			]
		}
	]
}